{
  "gain": 0.614613538808824,
  "treble": 1.0,
  "presence": 1.0,
  "delay_mix": 0.0,
  "delay_feedback": 0.09999999999999998,
  "delay_time_ms": 325,
  "reverb_mix": 0.51,
  "reverb_decay_s": 3.0,
  "mod_depth": 0.35,
  "mod_rate_hz": 0.8,
  "mod_mix": 0.8199999999999998
}