{
  "gain": 0.5366916982407735,
  "treble": 1.0,
  "presence": 0.9999999999999999,
  "delay_mix": 0.08,
  "delay_feedback": 0.19999999999999998,
  "delay_time_ms": 325,
  "reverb_mix": 0.51,
  "reverb_decay_s": 3.0,
  "mod_depth": 0.35,
  "mod_rate_hz": 0.8,
  "mod_mix": 0.8199999999999998
}